Forward	Reverse
tgtaaaacgacggccagtgctttcccacgaataaataata
tgtaaaacgacggccagtggatcaccagatatagcatttcc
tgtaaaacgacggccagtggatcaccagatatagcttttcc
tgtaaaacgacggccagtggatcacctgatatagcatttcc
tgtaaaacgacggccagtggatcacctgatatagcttttcc
tgtaaaacgacggccagtggatctccagatatagcatttcc
tgtaaaacgacggccagtggatctccagatatagcttttcc
tgtaaaacgacggccagtggatctcctgatatagcatttcc
tgtaaaacgacggccagtggatctcctgatatagcttttcc	
tgtaaaacgacggccagtggatcaccagatatatcatttcc	
tgtaaaacgacggccagtggatcaccagatatatcttttcc	
tgtaaaacgacggccagtggatcacctgatatatcatttcc	
tgtaaaacgacggccagtggatcacctgatatatcttttcc	
tgtaaaacgacggccagtggatctccagatatatcatttcc	
tgtaaaacgacggccagtggatctccagatatatcttttcc	
tgtaaaacgacggccagtggatctcctgatatatcatttcc	
tgtaaaacgacggccagtggatctcctgatatatcttttcc	
